City,country,code_3L,month,temp_avg,temp_max,temp_min
Accra,ghana,GHA,1,28.7,33.3,25.8
Accra,ghana,GHA,10,27.3,31.1,24.4
Accra,ghana,GHA,11,28.4,32.4,25.2
Accra,ghana,GHA,12,28.8,33.2,25.7
Accra,ghana,GHA,2,29.1,33.6,26.3
Accra,ghana,GHA,3,29.2,33.3,26.2
Accra,ghana,GHA,4,29.1,33.1,25.9
Accra,ghana,GHA,5,28.5,32.6,25.3
Accra,ghana,GHA,6,27.0,30.6,24.4
Accra,ghana,GHA,7,26.1,29.3,24.2
Accra,ghana,GHA,8,25.8,28.8,23.6
Accra,ghana,GHA,9,26.2,29.8,24.0
Ajaccio,france,FRA,1,9.6,14.8,5.3
Ajaccio,france,FRA,10,18.0,23.7,13.1
Ajaccio,france,FRA,11,13.6,19.0,9.3
Ajaccio,france,FRA,12,10.6,16.1,6.3
Ajaccio,france,FRA,2,10.2,15.4,5.7
Ajaccio,france,FRA,3,11.4,16.7,6.1
Ajaccio,france,FRA,4,13.9,19.3,8.3
Ajaccio,france,FRA,5,17.6,22.6,12.4
Ajaccio,france,FRA,6,22.4,27.6,16.7
Ajaccio,france,FRA,7,25.2,30.3,19.2
Ajaccio,france,FRA,8,24.9,30.2,19.0
Ajaccio,france,FRA,9,21.6,27.1,16.4
Algarve,portugal,PRT,1,12.8,16.6,9.2
Algarve,portugal,PRT,10,20.0,23.4,17.0
Algarve,portugal,PRT,11,16.2,19.7,12.9
Algarve,portugal,PRT,12,14.2,17.7,11.1
Algarve,portugal,PRT,2,13.7,17.4,10.4
Algarve,portugal,PRT,3,14.6,18.3,11.2
Algarve,portugal,PRT,4,16.8,20.5,13.4
Algarve,portugal,PRT,5,19.8,24.1,16.0
Algarve,portugal,PRT,6,22.0,26.2,18.4
Algarve,portugal,PRT,7,24.4,29.0,20.5
Algarve,portugal,PRT,8,24.7,29.3,20.8
Algarve,portugal,PRT,9,22.4,26.1,19.0
Annecy,france,FRA,1,3.0,6.7,-0.1
Annecy,france,FRA,10,12.3,17.8,7.8
Annecy,france,FRA,11,6.8,10.9,3.2
Annecy,france,FRA,12,3.2,6.8,0.3
Annecy,france,FRA,2,4.7,9.7,0.7
Annecy,france,FRA,3,8.0,13.5,2.5
Annecy,france,FRA,4,10.4,16.4,4.6
Annecy,france,FRA,5,14.9,20.5,9.3
Annecy,france,FRA,6,19.6,25.7,13.1
Annecy,france,FRA,7,22.0,28.7,14.8
Annecy,france,FRA,8,21.4,28.2,14.6
Annecy,france,FRA,9,16.8,23.1,10.9
Antananarivo,madagascar,MDG,1,21.1,26.9,17.3
Antananarivo,madagascar,MDG,10,19.7,27.4,14.0
Antananarivo,madagascar,MDG,11,21.0,28.4,15.7
Antananarivo,madagascar,MDG,12,21.3,27.9,16.8
Antananarivo,madagascar,MDG,2,21.1,27.0,17.2
Antananarivo,madagascar,MDG,3,21.0,26.9,17.1
Antananarivo,madagascar,MDG,4,19.9,26.2,15.8
Antananarivo,madagascar,MDG,5,17.6,23.9,13.2
Antananarivo,madagascar,MDG,6,15.4,21.4,11.2
Antananarivo,madagascar,MDG,7,14.7,21.2,10.0
Antananarivo,madagascar,MDG,8,15.6,22.6,10.5
Antananarivo,madagascar,MDG,9,17.1,24.4,11.2
Apia,samoa,WSM,1,27.2,29.5,25.2
Apia,samoa,WSM,10,26.9,29.4,24.8
Apia,samoa,WSM,11,27.0,29.5,24.9
Apia,samoa,WSM,12,27.2,29.9,24.9
Apia,samoa,WSM,2,27.0,29.2,25.3
Apia,samoa,WSM,3,27.5,29.6,25.6
Apia,samoa,WSM,4,27.6,29.8,25.8
Apia,samoa,WSM,5,27.3,30.2,25.2
Apia,samoa,WSM,6,27.0,29.2,25.0
Apia,samoa,WSM,7,26.6,28.9,24.6
Apia,samoa,WSM,8,26.6,28.9,24.8
Apia,samoa,WSM,9,26.7,29.6,24.1
Asunción,paraguay,PRY,1,28.5,35.4,23.5
Asunción,paraguay,PRY,10,24.5,32.0,20.0
Asunción,paraguay,PRY,11,25.8,33.0,21.0
Asunción,paraguay,PRY,12,27.4,34.4,22.0
Asunción,paraguay,PRY,2,27.5,34.4,22.4
Asunción,paraguay,PRY,3,26.3,33.3,21.9
Asunción,paraguay,PRY,4,23.9,29.9,19.2
Asunción,paraguay,PRY,5,19.5,25.5,15.1
Asunción,paraguay,PRY,6,18.5,25.4,14.1
Asunción,paraguay,PRY,7,18.4,25.5,13.2
Asunción,paraguay,PRY,8,20.5,27.9,14.3
Asunción,paraguay,PRY,9,22.6,30.4,17.3
Azores,portugal,PRT,1,15.6,17.1,14.0
Azores,portugal,PRT,10,19.9,21.9,18.2
Azores,portugal,PRT,11,17.8,19.5,16.2
Azores,portugal,PRT,12,16.3,17.8,14.4
Azores,portugal,PRT,2,15.0,16.7,13.3
Azores,portugal,PRT,3,14.6,17.3,12.3
Azores,portugal,PRT,4,15.8,17.7,14.0
Azores,portugal,PRT,5,17.3,19.4,15.4
Azores,portugal,PRT,6,19.2,21.5,17.3
Azores,portugal,PRT,7,21.7,24.1,19.5
Azores,portugal,PRT,8,23.0,25.5,20.9
Azores,portugal,PRT,9,22.1,24.4,20.2
Banff,canada,CAN,1,-7.6,-2.8,-12.3
Banff,canada,CAN,10,3.5,9.4,-2.2
Banff,canada,CAN,11,-3.9,0.4,-7.6
Banff,canada,CAN,12,-8.6,-4.5,-12.7
Banff,canada,CAN,2,-6.9,-1.9,-12.4
Banff,canada,CAN,3,-2.5,3.7,-8.3
Banff,canada,CAN,4,2.8,9.0,-3.6
Banff,canada,CAN,5,8.1,15.4,0.7
Banff,canada,CAN,6,12.3,19.4,5.1
Banff,canada,CAN,7,15.8,23.9,7.3
Banff,canada,CAN,8,14.7,22.8,6.7
Banff,canada,CAN,9,9.8,16.8,3.0
Beira,mozambique,MOZ,1,28.1,31.9,24.6
Beira,mozambique,MOZ,10,25.1,29.4,21.2
Beira,mozambique,MOZ,11,26.9,31.2,23.0
Beira,mozambique,MOZ,12,27.8,31.5,23.8
Beira,mozambique,MOZ,2,28.2,32.3,24.4
Beira,mozambique,MOZ,3,27.3,30.8,23.7
Beira,mozambique,MOZ,4,26.0,29.8,22.2
Beira,mozambique,MOZ,5,23.6,28.3,19.3
Beira,mozambique,MOZ,6,21.8,26.2,18.3
Beira,mozambique,MOZ,7,20.9,26.0,16.2
Beira,mozambique,MOZ,8,22.2,27.1,17.4
Beira,mozambique,MOZ,9,23.5,27.9,19.4
Biarritz,france,FRA,1,8.6,11.8,4.5
Biarritz,france,FRA,10,16.5,21.1,12.2
Biarritz,france,FRA,11,12.3,16.0,8.3
Biarritz,france,FRA,12,10.7,13.9,6.6
Biarritz,france,FRA,2,10.1,14.0,6.0
Biarritz,france,FRA,3,12.0,16.8,8.1
Biarritz,france,FRA,4,13.7,17.4,9.2
Biarritz,france,FRA,5,16.0,19.8,12.2
Biarritz,france,FRA,6,19.0,22.9,15.4
Biarritz,france,FRA,7,21.2,24.5,17.4
Biarritz,france,FRA,8,21.4,25.3,17.5
Biarritz,france,FRA,9,19.1,23.8,14.7
Bishkek,kyrgyzstan,KGZ,1,-1.5,4.5,-6.0
Bishkek,kyrgyzstan,KGZ,10,11.2,17.4,5.2
Bishkek,kyrgyzstan,KGZ,11,3.8,9.8,-0.6
Bishkek,kyrgyzstan,KGZ,12,-0.5,4.6,-5.3
Bishkek,kyrgyzstan,KGZ,2,1.5,8.0,-2.9
Bishkek,kyrgyzstan,KGZ,3,7.8,13.5,2.6
Bishkek,kyrgyzstan,KGZ,4,13.8,20.1,8.1
Bishkek,kyrgyzstan,KGZ,5,18.8,25.1,12.3
Bishkek,kyrgyzstan,KGZ,6,24.2,31.2,17.2
Bishkek,kyrgyzstan,KGZ,7,27.0,34.3,20.1
Bishkek,kyrgyzstan,KGZ,8,24.5,31.5,17.7
Bishkek,kyrgyzstan,KGZ,9,19.0,26.2,11.8
Blantyre,malawi,MWI,1,23.9,27.1,20.2
Blantyre,malawi,MWI,10,26.5,31.2,19.5
Blantyre,malawi,MWI,11,26.9,31.0,20.5
Blantyre,malawi,MWI,12,26.4,30.2,21.3
Blantyre,malawi,MWI,2,24.7,27.5,20.0
Blantyre,malawi,MWI,3,24.2,26.7,19.2
Blantyre,malawi,MWI,4,22.7,26.2,18.0
Blantyre,malawi,MWI,5,21.7,24.9,15.6
Blantyre,malawi,MWI,6,19.4,23.3,14.2
Blantyre,malawi,MWI,7,19.3,23.7,13.5
Blantyre,malawi,MWI,8,23.1,28.0,15.9
Blantyre,malawi,MWI,9,25.8,30.3,18.2
Bocas del Toro,panama,PAN,1,25.0,28.5,22.6
Bocas del Toro,panama,PAN,10,26.4,29.3,24.3
Bocas del Toro,panama,PAN,11,25.7,28.6,23.7
Bocas del Toro,panama,PAN,12,25.1,28.5,22.8
Bocas del Toro,panama,PAN,2,24.9,28.1,22.6
Bocas del Toro,panama,PAN,3,25.5,28.7,23.1
Bocas del Toro,panama,PAN,4,26.0,29.1,23.8
Bocas del Toro,panama,PAN,5,26.9,29.9,24.7
Bocas del Toro,panama,PAN,6,26.6,29.6,24.6
Bocas del Toro,panama,PAN,7,26.2,29.0,24.2
Bocas del Toro,panama,PAN,8,26.5,29.4,24.2
Bocas del Toro,panama,PAN,9,26.7,29.6,24.4
Bordeaux,france,FRA,1,6.9,10.7,3.9
Bordeaux,france,FRA,10,15.2,20.5,11.2
Bordeaux,france,FRA,11,10.5,14.9,7.2
Bordeaux,france,FRA,12,8.3,12.2,5.5
Bordeaux,france,FRA,2,8.5,13.3,4.8
Bordeaux,france,FRA,3,10.5,15.6,6.5
Bordeaux,france,FRA,4,13.2,18.9,8.4
Bordeaux,france,FRA,5,16.5,22.0,11.6
Bordeaux,france,FRA,6,20.2,25.9,15.3
Bordeaux,france,FRA,7,22.2,28.3,16.9
Bordeaux,france,FRA,8,22.1,28.7,16.7
Bordeaux,france,FRA,9,19.0,25.3,14.1
Braga,portugal,PRT,1,9.7,13.3,6.6
Braga,portugal,PRT,10,16.2,19.8,13.2
Braga,portugal,PRT,11,13.1,16.2,10.5
Braga,portugal,PRT,12,11.1,14.2,8.5
Braga,portugal,PRT,2,11.3,15.1,7.9
Braga,portugal,PRT,3,12.7,16.5,9.5
Braga,portugal,PRT,4,14.1,17.8,10.4
Braga,portugal,PRT,5,16.5,20.3,12.5
Braga,portugal,PRT,6,17.6,21.2,14.0
Braga,portugal,PRT,7,19.6,23.6,15.7
Braga,portugal,PRT,8,19.4,23.4,15.6
Braga,portugal,PRT,9,18.7,22.8,15.0
Bujumbura,burundi,BDI,1,24.0,28.9,20.3
Bujumbura,burundi,BDI,10,24.7,30.1,20.1
Bujumbura,burundi,BDI,11,23.9,28.8,20.0
Bujumbura,burundi,BDI,12,23.9,28.6,20.0
Bujumbura,burundi,BDI,2,24.3,29.4,20.5
Bujumbura,burundi,BDI,3,24.3,29.6,20.3
Bujumbura,burundi,BDI,4,24.2,29.1,20.4
Bujumbura,burundi,BDI,5,25.0,30.0,20.4
Bujumbura,burundi,BDI,6,24.7,29.8,19.8
Bujumbura,burundi,BDI,7,24.3,29.5,18.9
Bujumbura,burundi,BDI,8,24.7,30.2,19.3
Bujumbura,burundi,BDI,9,25.1,30.9,19.9
Calgary,canada,CAN,1,-5.5,0.2,-11.0
Calgary,canada,CAN,10,5.4,11.5,-0.6
Calgary,canada,CAN,11,-1.0,4.6,-6.4
Calgary,canada,CAN,12,-6.0,-0.8,-11.2
Calgary,canada,CAN,2,-6.9,-1.5,-12.3
Calgary,canada,CAN,3,-1.6,4.2,-7.4
Calgary,canada,CAN,4,4.6,10.9,-1.7
Calgary,canada,CAN,5,10.9,17.4,4.4
Calgary,canada,CAN,6,15.3,21.6,9.0
Calgary,canada,CAN,7,18.2,24.8,11.6
Calgary,canada,CAN,8,17.5,24.2,10.8
Calgary,canada,CAN,9,12.3,18.4,6.0
Carcassone,france,FRA,1,6.8,10.3,3.4
Carcassone,france,FRA,10,15.8,20.8,11.7
Carcassone,france,FRA,11,10.6,14.7,6.8
Carcassone,france,FRA,12,8.2,12.0,4.6
Carcassone,france,FRA,2,8.7,13.2,4.7
Carcassone,france,FRA,3,10.7,15.6,6.2
Carcassone,france,FRA,4,12.7,18.0,7.8
Carcassone,france,FRA,5,16.4,21.8,11.4
Carcassone,france,FRA,6,21.0,26.7,15.5
Carcassone,france,FRA,7,23.9,30.1,17.8
Carcassone,france,FRA,8,23.9,30.5,17.9
Carcassone,france,FRA,9,20.2,26.4,14.8
Carcassonne,france,FRA,1,6.8,10.3,3.4
Carcassonne,france,FRA,10,15.8,20.8,11.7
Carcassonne,france,FRA,11,10.6,14.7,6.8
Carcassonne,france,FRA,12,8.2,12.0,4.6
Carcassonne,france,FRA,2,8.7,13.2,4.7
Carcassonne,france,FRA,3,10.7,15.3,6.5
Carcassonne,france,FRA,4,12.7,18.0,7.8
Carcassonne,france,FRA,5,16.4,21.8,11.4
Carcassonne,france,FRA,6,21.0,26.7,15.5
Carcassonne,france,FRA,7,23.9,30.1,17.8
Carcassonne,france,FRA,8,23.9,30.5,17.9
Carcassonne,france,FRA,9,20.2,26.4,14.8
Cebu,philippines,PHL,1,27.1,29.9,24.9
Cebu,philippines,PHL,10,28.2,31.6,25.5
Cebu,philippines,PHL,11,28.3,31.2,25.7
Cebu,philippines,PHL,12,27.6,30.3,25.3
Cebu,philippines,PHL,2,27.0,30.0,24.6
Cebu,philippines,PHL,3,27.9,31.2,25.1
Cebu,philippines,PHL,4,28.8,32.2,25.9
Cebu,philippines,PHL,5,29.5,33.1,26.8
Cebu,philippines,PHL,6,28.8,32.3,26.0
Cebu,philippines,PHL,7,28.4,31.7,25.8
Cebu,philippines,PHL,8,28.6,32.2,25.8
Cebu,philippines,PHL,9,28.4,32.0,25.7
Charlottetown,canada,CAN,1,-5.5,-1.3,-9.5
Charlottetown,canada,CAN,10,9.6,14.0,5.2
Charlottetown,canada,CAN,11,3.6,7.5,0.0
Charlottetown,canada,CAN,12,-1.7,1.9,-5.1
Charlottetown,canada,CAN,2,-6.1,-1.6,-10.6
Charlottetown,canada,CAN,3,-2.4,1.6,-6.2
Charlottetown,canada,CAN,4,3.1,7.8,-1.1
Charlottetown,canada,CAN,5,9.2,14.8,3.8
Charlottetown,canada,CAN,6,14.9,20.1,10.1
Charlottetown,canada,CAN,7,19.5,24.2,14.9
Charlottetown,canada,CAN,8,19.6,24.3,14.9
Charlottetown,canada,CAN,9,15.2,19.9,10.4
Colmar,france,FRA,1,3.2,6.5,-0.1
Colmar,france,FRA,10,12.8,18.0,8.2
Colmar,france,FRA,11,6.6,10.2,3.2
Colmar,france,FRA,12,4.5,7.4,1.6
Colmar,france,FRA,2,5.9,10.6,1.7
Colmar,france,FRA,3,8.4,13.5,3.2
Colmar,france,FRA,4,10.9,16.5,5.3
Colmar,france,FRA,5,15.1,20.4,9.5
Colmar,france,FRA,6,20.0,25.6,14.4
Colmar,france,FRA,7,21.4,27.2,15.4
Colmar,france,FRA,8,21.3,27.4,15.6
Colmar,france,FRA,9,17.2,23.5,11.4
Colombo,sri lanka,LKA,1,27.2,31.3,24.0
Colombo,sri lanka,LKA,10,27.5,30.2,25.1
Colombo,sri lanka,LKA,11,27.3,30.7,24.5
Colombo,sri lanka,LKA,12,27.4,31.1,24.3
Colombo,sri lanka,LKA,2,27.9,32.1,24.7
Colombo,sri lanka,LKA,3,28.5,32.1,25.4
Colombo,sri lanka,LKA,4,28.9,32.3,25.8
Colombo,sri lanka,LKA,5,28.9,31.6,26.6
Colombo,sri lanka,LKA,6,28.7,31.0,26.3
Colombo,sri lanka,LKA,7,28.4,30.7,26.3
Colombo,sri lanka,LKA,8,28.2,30.5,26.1
Colombo,sri lanka,LKA,9,27.8,30.3,25.6
Da Lat,vietnam,VNM,1,18.6,23.7,14.5
Da Lat,vietnam,VNM,10,19.9,23.8,16.5
Da Lat,vietnam,VNM,11,19.5,23.6,15.8
Da Lat,vietnam,VNM,12,18.6,22.9,15.4
Da Lat,vietnam,VNM,2,19.9,26.0,15.0
Da Lat,vietnam,VNM,3,21.2,27.1,16.6
Da Lat,vietnam,VNM,4,21.7,26.8,18.0
Da Lat,vietnam,VNM,5,21.5,26.3,17.4
Da Lat,vietnam,VNM,6,20.9,24.6,17.2
Da Lat,vietnam,VNM,7,20.6,23.9,17.2
Da Lat,vietnam,VNM,8,20.5,24.1,17.3
Da Lat,vietnam,VNM,9,20.3,24.0,17.2
Davao,philippines,PHL,1,27.0,31.0,24.1
Davao,philippines,PHL,10,28.1,32.7,24.5
Davao,philippines,PHL,11,28.1,32.7,24.7
Davao,philippines,PHL,12,27.6,31.9,24.4
Davao,philippines,PHL,2,27.0,31.4,23.8
Davao,philippines,PHL,3,28.0,32.8,24.3
Davao,philippines,PHL,4,28.7,33.6,24.7
Davao,philippines,PHL,5,29.0,33.3,25.5
Davao,philippines,PHL,6,28.1,32.3,24.7
Davao,philippines,PHL,7,27.9,31.7,24.7
Davao,philippines,PHL,8,28.1,32.2,24.6
Davao,philippines,PHL,9,28.3,32.5,24.9
Dhaka,bangladesh,BGD,1,18.7,24.7,14.7
Dhaka,bangladesh,BGD,10,28.0,32.4,25.0
Dhaka,bangladesh,BGD,11,24.6,30.4,20.5
Dhaka,bangladesh,BGD,12,20.5,26.1,16.6
Dhaka,bangladesh,BGD,2,21.8,28.2,17.3
Dhaka,bangladesh,BGD,3,26.8,32.8,21.9
Dhaka,bangladesh,BGD,4,28.8,34.7,24.9
Dhaka,bangladesh,BGD,5,29.5,34.3,25.7
Dhaka,bangladesh,BGD,6,29.4,33.2,26.7
Dhaka,bangladesh,BGD,7,29.4,33.1,27.2
Dhaka,bangladesh,BGD,8,29.4,33.1,27.1
Dhaka,bangladesh,BGD,9,29.5,33.5,26.8
Edmonton,canada,CAN,1,-8.7,-4.1,-13.2
Edmonton,canada,CAN,10,5.2,10.4,0.3
Edmonton,canada,CAN,11,-2.7,1.5,-6.7
Edmonton,canada,CAN,12,-8.4,-4.3,-12.4
Edmonton,canada,CAN,2,-8.9,-4.1,-13.8
Edmonton,canada,CAN,3,-2.5,2.7,-7.8
Edmonton,canada,CAN,4,4.6,10.2,-0.7
Edmonton,canada,CAN,5,12.9,19.1,6.8
Edmonton,canada,CAN,6,16.8,22.4,11.1
Edmonton,canada,CAN,7,19.1,24.8,13.6
Edmonton,canada,CAN,8,17.9,23.8,12.1
Edmonton,canada,CAN,9,12.6,18.4,7.1
Espiritu Santo,vanuatu,VUT,1,27.3,31.0,23.4
Espiritu Santo,vanuatu,VUT,10,26.1,29.3,22.8
Espiritu Santo,vanuatu,VUT,11,26.8,30.0,23.4
Espiritu Santo,vanuatu,VUT,12,27.3,31.0,23.3
Espiritu Santo,vanuatu,VUT,2,27.4,31.0,23.6
Espiritu Santo,vanuatu,VUT,3,27.0,30.4,23.4
Espiritu Santo,vanuatu,VUT,4,27.1,30.4,23.5
Espiritu Santo,vanuatu,VUT,5,26.2,29.0,22.8
Espiritu Santo,vanuatu,VUT,6,25.6,28.4,22.7
Espiritu Santo,vanuatu,VUT,7,25.2,28.1,22.3
Espiritu Santo,vanuatu,VUT,8,24.9,27.8,22.2
Espiritu Santo,vanuatu,VUT,9,25.4,28.5,22.5
Funchal,portugal,PRT,1,17.4,19.2,15.4
Funchal,portugal,PRT,10,22.3,24.7,20.0
Funchal,portugal,PRT,11,20.0,21.7,17.8
Funchal,portugal,PRT,12,18.7,20.3,16.6
Funchal,portugal,PRT,2,17.2,19.4,15.0
Funchal,portugal,PRT,3,17.4,21.0,15.0
Funchal,portugal,PRT,4,18.2,21.2,15.9
Funchal,portugal,PRT,5,19.5,22.6,17.4
Funchal,portugal,PRT,6,21.0,23.6,18.7
Funchal,portugal,PRT,7,22.6,25.5,20.3
Funchal,portugal,PRT,8,23.9,27.0,21.4
Funchal,portugal,PRT,9,23.3,26.0,21.1
Galle,sri lanka,LKA,1,27.4,31.4,24.2
Galle,sri lanka,LKA,10,27.8,31.0,25.3
Galle,sri lanka,LKA,11,27.5,31.2,24.6
Galle,sri lanka,LKA,12,27.5,31.2,24.5
Galle,sri lanka,LKA,2,28.2,32.0,24.9
Galle,sri lanka,LKA,3,28.8,32.5,25.3
Galle,sri lanka,LKA,4,29.2,33.0,25.8
Galle,sri lanka,LKA,5,29.3,32.1,26.8
Galle,sri lanka,LKA,6,29.1,31.7,26.8
Galle,sri lanka,LKA,7,28.8,31.3,26.6
Galle,sri lanka,LKA,8,28.6,31.1,26.5
Galle,sri lanka,LKA,9,28.3,31.1,25.9
Georgetown,guyana,GUY,1,27.1,29.6,24.0
Georgetown,guyana,GUY,10,29.1,32.0,25.3
Georgetown,guyana,GUY,11,28.2,31.1,24.7
Georgetown,guyana,GUY,12,27.4,29.8,24.1
Georgetown,guyana,GUY,2,27.2,29.4,24.4
Georgetown,guyana,GUY,3,27.6,30.2,24.6
Georgetown,guyana,GUY,4,28.0,30.6,24.9
Georgetown,guyana,GUY,5,27.6,30.0,24.9
Georgetown,guyana,GUY,6,27.4,30.0,24.6
Georgetown,guyana,GUY,7,27.7,30.7,24.5
Georgetown,guyana,GUY,8,28.4,31.3,24.8
Georgetown,guyana,GUY,9,29.2,31.9,25.3
Granada,nicaragua,NIC,1,27.0,32.7,22.0
Granada,nicaragua,NIC,10,27.2,31.8,23.4
Granada,nicaragua,NIC,11,26.9,31.7,23.2
Granada,nicaragua,NIC,12,26.8,32.0,22.2
Granada,nicaragua,NIC,2,27.5,33.4,22.1
Granada,nicaragua,NIC,3,28.6,34.5,23.0
Granada,nicaragua,NIC,4,29.8,35.4,24.3
Granada,nicaragua,NIC,5,29.1,34.4,25.0
Granada,nicaragua,NIC,6,27.6,32.2,24.2
Granada,nicaragua,NIC,7,27.6,32.7,24.1
Granada,nicaragua,NIC,8,27.8,32.8,24.0
Granada,nicaragua,NIC,9,27.6,32.8,23.8
Guimarães,portugal,PRT,1,10.4,14.2,7.1
Guimarães,portugal,PRT,10,17.1,21.2,13.7
Guimarães,portugal,PRT,11,13.8,17.1,10.7
Guimarães,portugal,PRT,12,12.1,15.6,9.2
Guimarães,portugal,PRT,2,11.7,15.6,8.2
Guimarães,portugal,PRT,3,13.0,16.9,9.8
Guimarães,portugal,PRT,4,14.3,18.2,10.6
Guimarães,portugal,PRT,5,16.5,20.3,12.8
Guimarães,portugal,PRT,6,18.0,21.7,14.5
Guimarães,portugal,PRT,7,19.8,24.0,15.9
Guimarães,portugal,PRT,8,19.5,24.0,15.6
Guimarães,portugal,PRT,9,18.8,23.3,14.9
Ha Long,vietnam,VNM,1,17.2,21.3,14.5
Ha Long,vietnam,VNM,10,24.8,28.5,21.6
Ha Long,vietnam,VNM,11,22.6,27.2,19.5
Ha Long,vietnam,VNM,12,17.8,22.2,14.4
Ha Long,vietnam,VNM,2,18.1,21.9,16.0
Ha Long,vietnam,VNM,3,21.1,24.6,19.2
Ha Long,vietnam,VNM,4,24.0,27.5,22.0
Ha Long,vietnam,VNM,5,27.4,30.9,24.5
Ha Long,vietnam,VNM,6,29.4,33.2,26.6
Ha Long,vietnam,VNM,7,28.9,33.1,26.4
Ha Long,vietnam,VNM,8,28.2,31.9,25.5
Ha Long,vietnam,VNM,9,27.6,31.5,24.8
Halifax,canada,CAN,1,-2.0,1.8,-5.9
Halifax,canada,CAN,10,11.8,15.3,8.1
Halifax,canada,CAN,11,6.1,9.3,2.6
Halifax,canada,CAN,12,1.1,4.4,-2.2
Halifax,canada,CAN,2,-2.9,0.9,-6.4
Halifax,canada,CAN,3,0.0,3.9,-3.8
Halifax,canada,CAN,4,5.2,8.9,1.6
Halifax,canada,CAN,5,9.9,14.3,5.7
Halifax,canada,CAN,6,14.9,19.4,10.6
Halifax,canada,CAN,7,19.5,23.7,15.3
Halifax,canada,CAN,8,20.1,24.1,16.1
Halifax,canada,CAN,9,17.0,21.0,13.1
Hanoi,vietnam,VNM,1,17.8,20.8,15.2
Hanoi,vietnam,VNM,10,25.9,29.6,22.7
Hanoi,vietnam,VNM,11,23.4,27.2,20.2
Hanoi,vietnam,VNM,12,18.6,22.3,15.7
Hanoi,vietnam,VNM,2,18.9,21.8,16.4
Hanoi,vietnam,VNM,3,21.9,25.0,19.9
Hanoi,vietnam,VNM,4,25.0,28.2,22.4
Hanoi,vietnam,VNM,5,28.3,31.9,25.0
Hanoi,vietnam,VNM,6,30.3,34.7,26.9
Hanoi,vietnam,VNM,7,30.0,34.3,26.8
Hanoi,vietnam,VNM,8,29.2,33.0,26.1
Hanoi,vietnam,VNM,9,28.5,32.3,25.5
Harare,zimbabwe,ZWE,1,21.1,25.3,17.1
Harare,zimbabwe,ZWE,10,22.4,29.0,15.0
Harare,zimbabwe,ZWE,11,22.3,28.3,16.8
Harare,zimbabwe,ZWE,12,22.1,27.5,17.2
Harare,zimbabwe,ZWE,2,21.3,26.2,16.7
Harare,zimbabwe,ZWE,3,20.9,26.4,15.6
Harare,zimbabwe,ZWE,4,19.6,25.5,13.8
Harare,zimbabwe,ZWE,5,16.8,23.7,10.2
Harare,zimbabwe,ZWE,6,14.7,21.1,8.5
Harare,zimbabwe,ZWE,7,14.6,21.8,7.3
Harare,zimbabwe,ZWE,8,17.5,25.2,9.9
Harare,zimbabwe,ZWE,9,20.6,27.9,12.8
Havana,cuba,CUB,1,22.4,25.7,19.7
Havana,cuba,CUB,10,26.5,30.0,23.8
Havana,cuba,CUB,11,24.6,28.3,21.4
Havana,cuba,CUB,12,23.3,26.3,20.8
Havana,cuba,CUB,2,23.5,27.7,20.2
Havana,cuba,CUB,3,24.0,28.7,20.4
Havana,cuba,CUB,4,25.9,29.8,22.6
Havana,cuba,CUB,5,26.9,30.7,23.8
Havana,cuba,CUB,6,27.2,31.2,24.3
Havana,cuba,CUB,7,28.1,31.8,25.3
Havana,cuba,CUB,8,28.1,31.4,25.5
Havana,cuba,CUB,9,27.9,31.0,25.5
Ho Chi Minh City,vietnam,VNM,1,27.5,32.7,23.6
Ho Chi Minh City,vietnam,VNM,10,27.8,32.2,24.8
Ho Chi Minh City,vietnam,VNM,11,28.1,32.4,24.8
Ho Chi Minh City,vietnam,VNM,12,27.5,32.2,23.8
Ho Chi Minh City,vietnam,VNM,2,27.9,33.5,24.0
Ho Chi Minh City,vietnam,VNM,3,29.1,34.5,25.7
Ho Chi Minh City,vietnam,VNM,4,30.2,35.1,27.1
Ho Chi Minh City,vietnam,VNM,5,29.9,34.9,26.9
Ho Chi Minh City,vietnam,VNM,6,28.8,33.4,25.7
Ho Chi Minh City,vietnam,VNM,7,28.3,32.7,25.2
Ho Chi Minh City,vietnam,VNM,8,28.4,32.8,25.5
Ho Chi Minh City,vietnam,VNM,9,27.9,32.2,25.0
Hoi An,vietnam,VNM,1,22.2,25.2,19.9
Hoi An,vietnam,VNM,10,26.8,29.8,24.2
Hoi An,vietnam,VNM,11,25.6,28.5,23.3
Hoi An,vietnam,VNM,12,22.9,25.6,21.1
Hoi An,vietnam,VNM,2,23.1,26.5,20.9
Hoi An,vietnam,VNM,3,25.5,29.3,23.1
Hoi An,vietnam,VNM,4,27.3,31.4,24.7
Hoi An,vietnam,VNM,5,29.3,33.9,26.1
Hoi An,vietnam,VNM,6,30.6,35.9,26.8
Hoi An,vietnam,VNM,7,29.9,34.9,26.6
Hoi An,vietnam,VNM,8,30.0,35.2,26.6
Hoi An,vietnam,VNM,9,28.8,32.9,25.5
Hong Kong,hong kong,HKG,1,17.4,20.2,15.1
Hong Kong,hong kong,HKG,10,26.5,29.1,24.3
Hong Kong,hong kong,HKG,11,23.3,26.0,21.2
Hong Kong,hong kong,HKG,12,18.5,21.2,16.1
Hong Kong,hong kong,HKG,2,18.4,21.4,16.3
Hong Kong,hong kong,HKG,3,21.2,24.0,19.1
Hong Kong,hong kong,HKG,4,24.1,26.8,21.9
Hong Kong,hong kong,HKG,5,26.7,29.3,24.8
Hong Kong,hong kong,HKG,6,29.2,31.7,27.2
Hong Kong,hong kong,HKG,7,30.0,32.7,27.9
Hong Kong,hong kong,HKG,8,29.4,32.0,27.2
Hong Kong,hong kong,HKG,9,29.1,31.9,27.0
Hue,vietnam,VNM,1,20.6,23.9,18.0
Hue,vietnam,VNM,10,25.7,29.0,23.4
Hue,vietnam,VNM,11,24.4,27.7,22.0
Hue,vietnam,VNM,12,21.0,23.4,19.0
Hue,vietnam,VNM,2,21.5,25.5,18.5
Hue,vietnam,VNM,3,24.4,28.8,21.2
Hue,vietnam,VNM,4,26.9,31.8,23.3
Hue,vietnam,VNM,5,29.0,34.3,25.1
Hue,vietnam,VNM,6,30.5,36.2,25.9
Hue,vietnam,VNM,7,30.0,35.6,25.6
Hue,vietnam,VNM,8,30.0,35.8,25.8
Hue,vietnam,VNM,9,28.0,32.8,24.7
Islamabad,pakistan,PAK,1,10.8,16.9,5.0
Islamabad,pakistan,PAK,10,23.5,30.0,17.0
Islamabad,pakistan,PAK,11,16.8,23.7,11.2
Islamabad,pakistan,PAK,12,12.0,19.2,5.7
Islamabad,pakistan,PAK,2,14.4,20.7,8.2
Islamabad,pakistan,PAK,3,18.7,24.6,13.2
Islamabad,pakistan,PAK,4,24.0,30.3,17.9
Islamabad,pakistan,PAK,5,28.8,34.9,21.8
Islamabad,pakistan,PAK,6,31.3,37.5,24.7
Islamabad,pakistan,PAK,7,29.9,34.6,25.2
Islamabad,pakistan,PAK,8,29.4,33.9,24.9
Islamabad,pakistan,PAK,9,28.2,33.6,23.3
Kandy,sri lanka,LKA,1,26.6,31.3,21.8
Kandy,sri lanka,LKA,10,26.9,31.0,23.5
Kandy,sri lanka,LKA,11,26.6,31.1,22.8
Kandy,sri lanka,LKA,12,26.4,30.8,22.6
Kandy,sri lanka,LKA,2,27.2,33.2,21.9
Kandy,sri lanka,LKA,3,28.7,34.8,23.0
Kandy,sri lanka,LKA,4,28.8,34.2,23.9
Kandy,sri lanka,LKA,5,28.4,32.6,24.7
Kandy,sri lanka,LKA,6,28.1,31.6,24.9
Kandy,sri lanka,LKA,7,27.8,31.4,24.6
Kandy,sri lanka,LKA,8,27.9,31.8,24.5
Kandy,sri lanka,LKA,9,27.2,30.9,24.0
Kigali,rwanda,RWA,1,21.2,27.0,17.0
Kigali,rwanda,RWA,10,21.3,27.0,17.1
Kigali,rwanda,RWA,11,20.3,26.2,16.8
Kigali,rwanda,RWA,12,20.7,26.7,16.8
Kigali,rwanda,RWA,2,21.3,27.0,17.1
Kigali,rwanda,RWA,3,21.1,26.8,17.0
Kigali,rwanda,RWA,4,20.7,25.9,17.3
Kigali,rwanda,RWA,5,21.3,26.2,17.7
Kigali,rwanda,RWA,6,21.7,26.4,17.1
Kigali,rwanda,RWA,7,21.9,27.0,17.0
Kigali,rwanda,RWA,8,22.6,27.8,17.5
Kigali,rwanda,RWA,9,21.9,27.7,17.3
Kyiv,ukraine,UKR,1,-2.0,0.4,-4.5
Kyiv,ukraine,UKR,10,9.5,14.0,5.7
Kyiv,ukraine,UKR,11,3.2,5.7,0.8
Kyiv,ukraine,UKR,12,0.0,2.0,-2.0
Kyiv,ukraine,UKR,2,-0.6,2.2,-3.6
Kyiv,ukraine,UKR,3,4.2,8.1,1.3
Kyiv,ukraine,UKR,4,10.3,15.4,5.4
Kyiv,ukraine,UKR,5,15.5,20.8,10.0
Kyiv,ukraine,UKR,6,21.0,26.4,15.6
Kyiv,ukraine,UKR,7,21.8,27.2,16.6
Kyiv,ukraine,UKR,8,21.8,27.8,16.1
Kyiv,ukraine,UKR,9,16.5,22.2,11.5
Lagos,portugal,PRT,1,14.7,17.0,12.8
Lagos,portugal,PRT,10,19.7,22.8,17.4
Lagos,portugal,PRT,11,17.2,19.6,15.3
Lagos,portugal,PRT,12,15.7,18.0,13.8
Lagos,portugal,PRT,2,15.0,17.5,13.0
Lagos,portugal,PRT,3,15.8,18.3,13.5
Lagos,portugal,PRT,4,16.7,19.6,14.2
Lagos,portugal,PRT,5,18.7,22.1,15.4
Lagos,portugal,PRT,6,20.2,23.9,16.2
Lagos,portugal,PRT,7,21.8,26.8,16.9
Lagos,portugal,PRT,8,22.0,27.0,17.4
Lagos,portugal,PRT,9,21.4,25.1,18.3
Lahore,pakistan,PAK,1,12.6,17.1,7.5
Lahore,pakistan,PAK,10,26.3,32.2,20.7
Lahore,pakistan,PAK,11,19.7,26.2,14.3
Lahore,pakistan,PAK,12,14.2,19.9,8.8
Lahore,pakistan,PAK,2,17.3,23.0,10.9
Lahore,pakistan,PAK,3,22.2,28.0,16.3
Lahore,pakistan,PAK,4,27.8,34.5,21.2
Lahore,pakistan,PAK,5,32.3,38.3,25.1
Lahore,pakistan,PAK,6,33.5,39.3,27.4
Lahore,pakistan,PAK,7,31.3,35.4,27.0
Lahore,pakistan,PAK,8,31.1,35.2,27.5
Lahore,pakistan,PAK,9,30.2,34.5,26.2
Libreville,gabon,GAB,1,28.1,30.7,25.0
Libreville,gabon,GAB,10,26.5,29.3,24.1
Libreville,gabon,GAB,11,26.9,29.7,24.1
Libreville,gabon,GAB,12,27.6,30.2,24.6
Libreville,gabon,GAB,2,28.3,31.1,25.2
Libreville,gabon,GAB,3,28.0,31.1,24.7
Libreville,gabon,GAB,4,27.7,31.0,24.6
Libreville,gabon,GAB,5,27.6,30.6,25.0
Libreville,gabon,GAB,6,26.4,28.8,24.5
Libreville,gabon,GAB,7,25.5,27.9,23.6
Libreville,gabon,GAB,8,25.5,28.2,23.6
Libreville,gabon,GAB,9,26.4,28.9,24.1
Lille,france,FRA,1,4.2,7.0,1.6
Lille,france,FRA,10,12.4,16.5,8.8
Lille,france,FRA,11,7.9,11.0,5.0
Lille,france,FRA,12,6.0,8.6,3.6
Lille,france,FRA,2,5.6,9.0,2.6
Lille,france,FRA,3,7.7,11.7,4.0
Lille,france,FRA,4,10.4,15.6,5.7
Lille,france,FRA,5,14.2,19.5,9.4
Lille,france,FRA,6,17.9,23.2,12.9
Lille,france,FRA,7,19.4,25.1,14.5
Lille,france,FRA,8,19.4,25.1,14.6
Lille,france,FRA,9,16.1,21.4,11.5
Lisbon,portugal,PRT,1,11.9,15.5,9.2
Lisbon,portugal,PRT,10,19.3,23.4,16.2
Lisbon,portugal,PRT,11,15.3,18.5,12.8
Lisbon,portugal,PRT,12,13.0,16.0,10.4
Lisbon,portugal,PRT,2,12.9,16.6,10.0
Lisbon,portugal,PRT,3,14.1,18.4,10.7
Lisbon,portugal,PRT,4,16.1,20.8,12.7
Lisbon,portugal,PRT,5,19.4,24.3,15.4
Lisbon,portugal,PRT,6,20.8,26.1,17.0
Lisbon,portugal,PRT,7,22.8,28.5,18.6
Lisbon,portugal,PRT,8,23.1,29.2,18.9
Lisbon,portugal,PRT,9,21.9,26.9,18.0
Lomé,togo,TGO,1,28.4,33.0,25.5
Lomé,togo,TGO,10,27.4,30.6,24.7
Lomé,togo,TGO,11,28.6,32.1,25.7
Lomé,togo,TGO,12,28.6,33.2,25.2
Lomé,togo,TGO,2,29.3,33.1,26.6
Lomé,togo,TGO,3,29.4,32.9,27.0
Lomé,togo,TGO,4,29.1,32.5,26.3
Lomé,togo,TGO,5,28.6,32.0,25.8
Lomé,togo,TGO,6,27.1,30.2,24.6
Lomé,togo,TGO,7,26.2,29.2,24.5
Lomé,togo,TGO,8,25.8,28.8,23.9
Lomé,togo,TGO,9,26.5,29.6,24.2
Luanda,angola,AGO,1,27.4,31.0,24.7
Luanda,angola,AGO,10,25.4,28.7,23.2
Luanda,angola,AGO,11,26.7,29.8,24.3
Luanda,angola,AGO,12,27.0,30.5,24.4
Luanda,angola,AGO,2,27.7,31.4,25.0
Luanda,angola,AGO,3,28.0,31.8,25.2
Luanda,angola,AGO,4,27.6,31.5,24.7
Luanda,angola,AGO,5,26.6,30.5,24.4
Luanda,angola,AGO,6,23.8,27.6,21.6
Luanda,angola,AGO,7,22.3,25.7,20.0
Luanda,angola,AGO,8,22.1,25.8,19.9
Luanda,angola,AGO,9,23.4,27.0,21.2
Luxembourg City,luxembourg,LUX,1,1.9,4.1,-0.5
Luxembourg City,luxembourg,LUX,10,10.7,14.4,7.4
Luxembourg City,luxembourg,LUX,11,5.8,8.3,3.3
Luxembourg City,luxembourg,LUX,12,3.6,5.7,1.5
Luxembourg City,luxembourg,LUX,2,3.5,6.6,0.6
Luxembourg City,luxembourg,LUX,3,6.4,10.4,2.4
Luxembourg City,luxembourg,LUX,4,9.5,14.4,4.6
Luxembourg City,luxembourg,LUX,5,13.6,18.6,8.6
Luxembourg City,luxembourg,LUX,6,18.0,23.2,12.9
Luxembourg City,luxembourg,LUX,7,19.4,24.7,14.2
Luxembourg City,luxembourg,LUX,8,19.3,24.5,14.3
Luxembourg City,luxembourg,LUX,9,15.2,20.1,10.7
Lviv,ukraine,UKR,1,-1.2,1.6,-4.6
Lviv,ukraine,UKR,10,9.2,14.4,4.8
Lviv,ukraine,UKR,11,3.8,7.1,0.5
Lviv,ukraine,UKR,12,0.6,3.1,-2.3
Lviv,ukraine,UKR,2,0.5,4.0,-3.6
Lviv,ukraine,UKR,3,3.5,8.2,-2.4
Lviv,ukraine,UKR,4,9.0,14.8,3.2
Lviv,ukraine,UKR,5,13.9,19.3,8.0
Lviv,ukraine,UKR,6,18.6,24.5,12.9
Lviv,ukraine,UKR,7,19.6,25.6,13.9
Lviv,ukraine,UKR,8,19.8,26.4,13.7
Lviv,ukraine,UKR,9,14.9,20.7,9.7
Lyon,france,FRA,1,4.6,7.2,1.8
Lyon,france,FRA,10,14.0,18.4,10.2
Lyon,france,FRA,11,8.4,11.7,5.5
Lyon,france,FRA,12,5.6,8.5,2.8
Lyon,france,FRA,2,6.6,10.6,3.0
Lyon,france,FRA,3,9.2,14.1,5.0
Lyon,france,FRA,4,12.5,17.4,7.6
Lyon,france,FRA,5,16.3,21.1,11.5
Lyon,france,FRA,6,21.3,26.4,16.1
Lyon,france,FRA,7,23.8,29.1,17.7
Lyon,france,FRA,8,23.2,28.7,17.6
Lyon,france,FRA,9,18.7,24.1,13.8
Madeira,portugal,PRT,1,17.4,19.2,15.4
Madeira,portugal,PRT,10,22.3,24.8,20.0
Madeira,portugal,PRT,11,20.0,21.7,17.8
Madeira,portugal,PRT,12,18.7,20.2,16.5
Madeira,portugal,PRT,2,17.2,19.4,15.0
Madeira,portugal,PRT,3,17.4,21.0,15.0
Madeira,portugal,PRT,4,18.2,21.2,15.9
Madeira,portugal,PRT,5,19.5,22.6,17.4
Madeira,portugal,PRT,6,21.0,23.6,18.7
Madeira,portugal,PRT,7,22.6,25.5,20.3
Madeira,portugal,PRT,8,23.9,27.2,21.4
Madeira,portugal,PRT,9,23.3,26.2,21.0
Malé,maldives,MDV,1,28.6,31.1,26.6
Malé,maldives,MDV,10,28.7,30.9,26.2
Malé,maldives,MDV,11,28.6,30.9,26.2
Malé,maldives,MDV,12,28.6,31.0,26.4
Malé,maldives,MDV,2,29.0,31.5,27.0
Malé,maldives,MDV,3,29.6,32.0,27.3
Malé,maldives,MDV,4,30.2,32.6,27.7
Malé,maldives,MDV,5,29.7,32.1,27.4
Malé,maldives,MDV,6,29.7,32.0,27.6
Malé,maldives,MDV,7,29.3,31.7,27.0
Malé,maldives,MDV,8,29.1,31.4,26.7
Malé,maldives,MDV,9,28.8,31.2,26.4
Manila,philippines,PHL,1,26.9,29.9,24.2
Manila,philippines,PHL,10,28.7,31.7,25.8
Manila,philippines,PHL,11,28.6,31.8,25.5
Manila,philippines,PHL,12,27.6,30.7,24.9
Manila,philippines,PHL,2,27.3,30.6,24.2
Manila,philippines,PHL,3,28.6,32.4,25.2
Manila,philippines,PHL,4,30.0,34.0,26.4
Manila,philippines,PHL,5,30.6,34.4,27.2
Manila,philippines,PHL,6,29.7,33.2,26.4
Manila,philippines,PHL,7,28.7,32.0,25.8
Manila,philippines,PHL,8,28.8,31.6,26.0
Manila,philippines,PHL,9,28.7,31.8,25.8
Manuel Antonio National Park,costa rica,CRI,1,20.8,25.8,17.1
Manuel Antonio National Park,costa rica,CRI,10,21.0,26.3,17.8
Manuel Antonio National Park,costa rica,CRI,11,20.9,25.4,18.0
Manuel Antonio National Park,costa rica,CRI,12,20.9,25.7,17.4
Manuel Antonio National Park,costa rica,CRI,2,20.8,26.1,17.0
Manuel Antonio National Park,costa rica,CRI,3,21.3,27.1,17.1
Manuel Antonio National Park,costa rica,CRI,4,21.7,27.4,17.7
Manuel Antonio National Park,costa rica,CRI,5,22.2,27.6,18.5
Manuel Antonio National Park,costa rica,CRI,6,21.3,26.4,18.0
Manuel Antonio National Park,costa rica,CRI,7,21.7,26.4,18.4
Manuel Antonio National Park,costa rica,CRI,8,21.3,26.5,18.1
Manuel Antonio National Park,costa rica,CRI,9,21.2,26.6,17.7
Maputo,mozambique,MOZ,1,26.8,31.4,23.0
Maputo,mozambique,MOZ,10,23.4,28.5,18.7
Maputo,mozambique,MOZ,11,24.7,30.0,20.6
Maputo,mozambique,MOZ,12,26.5,31.1,22.4
Maputo,mozambique,MOZ,2,26.9,31.3,23.1
Maputo,mozambique,MOZ,3,26.3,31.0,22.1
Maputo,mozambique,MOZ,4,24.3,29.6,19.8
Maputo,mozambique,MOZ,5,22.3,28.4,17.0
Maputo,mozambique,MOZ,6,20.2,26.3,14.4
Maputo,mozambique,MOZ,7,19.7,26.5,13.9
Maputo,mozambique,MOZ,8,20.9,27.5,15.6
Maputo,mozambique,MOZ,9,22.4,28.5,17.3
Marseille,france,FRA,1,7.7,12.3,3.6
Marseille,france,FRA,10,17.2,22.3,12.8
Marseille,france,FRA,11,12.0,16.5,8.1
Marseille,france,FRA,12,8.8,13.5,4.8
Marseille,france,FRA,2,9.3,14.2,4.9
Marseille,france,FRA,3,11.5,16.8,6.6
Marseille,france,FRA,4,14.4,19.8,9.2
Marseille,france,FRA,5,18.5,23.9,13.3
Marseille,france,FRA,6,23.6,29.2,18.2
Marseille,france,FRA,7,26.3,32.3,20.7
Marseille,france,FRA,8,25.5,31.5,19.8
Marseille,france,FRA,9,21.4,26.9,16.5
Maseru,lesotho,LSO,1,18.9,25.3,13.4
Maseru,lesotho,LSO,10,16.2,23.6,9.5
Maseru,lesotho,LSO,11,17.3,24.4,11.2
Maseru,lesotho,LSO,12,17.7,23.8,12.7
Maseru,lesotho,LSO,2,18.7,24.9,13.3
Maseru,lesotho,LSO,3,17.2,23.8,11.5
Maseru,lesotho,LSO,4,13.5,20.4,8.0
Maseru,lesotho,LSO,5,11.1,19.1,5.2
Maseru,lesotho,LSO,6,7.1,14.7,1.5
Maseru,lesotho,LSO,7,6.6,14.6,0.4
Maseru,lesotho,LSO,8,9.4,17.6,2.7
Maseru,lesotho,LSO,9,14.2,22.2,7.3
Maun,botswana,BWA,1,26.6,32.0,21.2
Maun,botswana,BWA,10,29.3,34.8,23.8
Maun,botswana,BWA,11,28.7,34.2,23.2
Maun,botswana,BWA,12,27.5,33.0,22.0
Maun,botswana,BWA,2,26.1,31.5,20.7
Maun,botswana,BWA,3,25.3,30.5,20.1
Maun,botswana,BWA,4,23.6,28.8,18.4
Maun,botswana,BWA,5,20.7,25.9,15.5
Maun,botswana,BWA,6,17.7,23.0,12.4
Maun,botswana,BWA,7,17.5,22.8,12.2
Maun,botswana,BWA,8,21.4,26.7,16.1
Maun,botswana,BWA,9,25.3,30.5,20.1
Mombasa,kenya,KEN,1,28.0,32.8,24.7
Mombasa,kenya,KEN,10,26.7,30.3,23.4
Mombasa,kenya,KEN,11,27.5,31.2,24.1
Mombasa,kenya,KEN,12,28.0,32.1,24.6
Mombasa,kenya,KEN,2,28.4,33.2,24.7
Mombasa,kenya,KEN,3,28.9,33.4,25.4
Mombasa,kenya,KEN,4,28.2,32.0,25.0
Mombasa,kenya,KEN,5,26.6,30.5,23.6
Mombasa,kenya,KEN,6,25.7,29.6,22.3
Mombasa,kenya,KEN,7,24.9,28.8,21.2
Mombasa,kenya,KEN,8,25.0,28.8,21.6
Mombasa,kenya,KEN,9,25.6,29.5,22.3
Monaco,monaco,MCO,1,8.2,12.3,5.1
Monaco,monaco,MCO,10,16.8,20.7,13.6
Monaco,monaco,MCO,11,12.1,15.7,9.2
Monaco,monaco,MCO,12,9.0,12.9,6.0
Monaco,monaco,MCO,2,9.2,13.4,5.5
Monaco,monaco,MCO,3,12.2,15.9,8.7
Monaco,monaco,MCO,4,13.4,17.5,9.2
Monaco,monaco,MCO,5,16.9,20.9,12.7
Monaco,monaco,MCO,6,21.9,25.7,17.8
Monaco,monaco,MCO,7,25.0,29.1,20.6
Monaco,monaco,MCO,8,24.7,29.2,20.4
Monaco,monaco,MCO,9,20.9,25.2,17.0
Monteverde,costa rica,CRI,1,20.1,24.6,17.1
Monteverde,costa rica,CRI,10,19.9,23.2,18.2
Monteverde,costa rica,CRI,11,19.9,23.2,17.9
Monteverde,costa rica,CRI,12,20.0,23.8,17.5
Monteverde,costa rica,CRI,2,20.6,25.9,16.9
Monteverde,costa rica,CRI,3,21.3,27.0,17.2
Monteverde,costa rica,CRI,4,21.8,27.2,18.0
Monteverde,costa rica,CRI,5,21.2,25.3,18.7
Monteverde,costa rica,CRI,6,20.7,24.2,18.8
Monteverde,costa rica,CRI,7,20.6,24.1,18.5
Monteverde,costa rica,CRI,8,20.6,24.3,18.5
Monteverde,costa rica,CRI,9,20.2,23.8,18.3
Montevideo,uruguay,URY,1,23.2,28.1,18.7
Montevideo,uruguay,URY,10,16.0,20.3,11.9
Montevideo,uruguay,URY,11,19.2,24.4,14.4
Montevideo,uruguay,URY,12,21.4,26.5,16.4
Montevideo,uruguay,URY,2,22.9,27.7,18.5
Montevideo,uruguay,URY,3,21.0,25.6,17.2
Montevideo,uruguay,URY,4,18.3,22.4,14.3
Montevideo,uruguay,URY,5,14.3,18.3,10.5
Montevideo,uruguay,URY,6,11.7,15.5,8.3
Montevideo,uruguay,URY,7,10.9,14.9,6.6
Montevideo,uruguay,URY,8,12.2,16.4,7.8
Montevideo,uruguay,URY,9,13.7,18.1,9.6
Montreal,canada,CAN,1,-7.4,-3.7,-10.9
Montreal,canada,CAN,10,10.0,14.2,6.5
Montreal,canada,CAN,11,3.0,6.3,-0.2
Montreal,canada,CAN,12,-3.0,0.2,-6.1
Montreal,canada,CAN,2,-6.3,-2.2,-10.4
Montreal,canada,CAN,3,-0.7,3.1,-4.5
Montreal,canada,CAN,4,6.5,11.0,2.3
Montreal,canada,CAN,5,15.0,20.2,10.2
Montreal,canada,CAN,6,19.5,24.4,14.8
Montreal,canada,CAN,7,22.5,27.2,18.0
Montreal,canada,CAN,8,21.8,26.1,17.5
Montreal,canada,CAN,9,17.5,21.9,12.9
Muscat,oman,OMN,1,21.6,25.6,17.2
Muscat,oman,OMN,10,30.0,34.3,26.0
Muscat,oman,OMN,11,26.3,30.5,22.0
Muscat,oman,OMN,12,22.9,26.7,18.3
Muscat,oman,OMN,2,23.0,26.7,18.9
Muscat,oman,OMN,3,25.8,29.9,21.7
Muscat,oman,OMN,4,30.1,34.7,25.9
Muscat,oman,OMN,5,34.6,39.3,29.9
Muscat,oman,OMN,6,35.0,39.4,31.7
Muscat,oman,OMN,7,33.7,37.1,30.9
Muscat,oman,OMN,8,32.3,36.1,29.2
Muscat,oman,OMN,9,31.5,35.4,28.2
Nairobi,kenya,KEN,1,20.8,26.3,15.6
Nairobi,kenya,KEN,10,20.6,26.5,15.5
Nairobi,kenya,KEN,11,19.9,25.3,16.2
Nairobi,kenya,KEN,12,20.0,25.2,16.0
Nairobi,kenya,KEN,2,21.6,27.5,16.1
Nairobi,kenya,KEN,3,21.8,28.0,16.8
Nairobi,kenya,KEN,4,20.6,25.8,16.5
Nairobi,kenya,KEN,5,19.6,24.8,15.8
Nairobi,kenya,KEN,6,18.6,23.5,14.0
Nairobi,kenya,KEN,7,18.0,23.0,13.3
Nairobi,kenya,KEN,8,18.3,23.9,13.4
Nairobi,kenya,KEN,9,19.4,25.6,14.2
Nantes,france,FRA,1,6.4,9.5,3.4
Nantes,france,FRA,10,13.8,18.5,9.9
Nantes,france,FRA,11,9.5,13.5,6.2
Nantes,france,FRA,12,7.7,10.8,4.9
Nantes,france,FRA,2,7.4,11.4,4.0
Nantes,france,FRA,3,9.3,13.9,5.4
Nantes,france,FRA,4,11.9,17.2,6.8
Nantes,france,FRA,5,15.1,20.5,10.1
Nantes,france,FRA,6,18.6,24.2,13.6
Nantes,france,FRA,7,20.2,26.1,14.8
Nantes,france,FRA,8,19.9,26.1,14.7
Nantes,france,FRA,9,17.3,23.2,12.5
Niagara Falls,canada,CAN,1,-2.9,0.3,-6.3
Niagara Falls,canada,CAN,10,11.9,16.3,7.6
Niagara Falls,canada,CAN,11,5.4,9.1,1.4
Niagara Falls,canada,CAN,12,1.6,4.5,-1.4
Niagara Falls,canada,CAN,2,-2.3,1.4,-6.4
Niagara Falls,canada,CAN,3,2.1,7.1,-3.0
Niagara Falls,canada,CAN,4,7.7,12.7,2.9
Niagara Falls,canada,CAN,5,15.3,20.9,9.7
Niagara Falls,canada,CAN,6,20.1,25.1,14.9
Niagara Falls,canada,CAN,7,23.3,28.2,18.3
Niagara Falls,canada,CAN,8,21.9,26.7,17.2
Niagara Falls,canada,CAN,9,18.5,23.5,13.7
Nukuʻalofa,tonga,TON,1,26.5,29.5,23.9
Nukuʻalofa,tonga,TON,10,23.2,26.2,20.8
Nukuʻalofa,tonga,TON,11,24.9,27.9,22.5
Nukuʻalofa,tonga,TON,12,26.1,29.2,23.3
Nukuʻalofa,tonga,TON,2,26.6,29.6,24.2
Nukuʻalofa,tonga,TON,3,26.0,29.0,23.6
Nukuʻalofa,tonga,TON,4,25.5,28.6,22.7
Nukuʻalofa,tonga,TON,5,24.3,26.9,22.2
Nukuʻalofa,tonga,TON,6,22.9,25.8,20.4
Nukuʻalofa,tonga,TON,7,22.2,25.1,19.6
Nukuʻalofa,tonga,TON,8,21.8,24.7,19.5
Nukuʻalofa,tonga,TON,9,22.4,25.5,19.7
Nuwara Eliya,sri lanka,LKA,1,15.0,19.6,11.2
Nuwara Eliya,sri lanka,LKA,10,16.1,19.9,13.0
Nuwara Eliya,sri lanka,LKA,11,16.1,19.9,12.8
Nuwara Eliya,sri lanka,LKA,12,15.5,19.6,11.9
Nuwara Eliya,sri lanka,LKA,2,15.4,20.3,10.7
Nuwara Eliya,sri lanka,LKA,3,16.4,21.7,11.5
Nuwara Eliya,sri lanka,LKA,4,17.0,22.4,12.2
Nuwara Eliya,sri lanka,LKA,5,17.4,21.7,13.7
Nuwara Eliya,sri lanka,LKA,6,17.0,20.5,14.1
Nuwara Eliya,sri lanka,LKA,7,16.4,19.8,13.8
Nuwara Eliya,sri lanka,LKA,8,16.2,20.0,13.4
Nuwara Eliya,sri lanka,LKA,9,16.1,19.2,13.5
Odessa,ukraine,UKR,1,0.6,3.8,-2.2
Odessa,ukraine,UKR,10,12.9,16.7,9.2
Odessa,ukraine,UKR,11,7.0,10.0,4.2
Odessa,ukraine,UKR,12,3.1,5.7,0.6
Odessa,ukraine,UKR,2,2.3,5.5,-0.8
Odessa,ukraine,UKR,3,5.6,9.3,2.3
Odessa,ukraine,UKR,4,10.6,14.2,6.8
Odessa,ukraine,UKR,5,16.1,20.0,11.9
Odessa,ukraine,UKR,6,22.0,26.7,17.6
Odessa,ukraine,UKR,7,24.2,29.4,19.5
Odessa,ukraine,UKR,8,24.5,29.5,19.6
Odessa,ukraine,UKR,9,19.3,23.9,14.9
Ottawa,canada,CAN,1,-8.6,-4.3,-13.1
Ottawa,canada,CAN,10,9.4,14.2,4.3
Ottawa,canada,CAN,11,1.9,6.1,-2.3
Ottawa,canada,CAN,12,-4.0,-0.4,-7.5
Ottawa,canada,CAN,2,-8.0,-2.9,-13.3
Ottawa,canada,CAN,3,-1.8,2.8,-6.6
Ottawa,canada,CAN,4,6.0,11.2,0.8
Ottawa,canada,CAN,5,14.0,20.1,8.2
Ottawa,canada,CAN,6,18.7,24.2,13.1
Ottawa,canada,CAN,7,21.8,27.5,16.0
Ottawa,canada,CAN,8,20.4,25.7,14.8
Ottawa,canada,CAN,9,16.4,22.2,10.6
Palau,palau,PLW,1,26.8,27.8,25.8
Palau,palau,PLW,10,27.0,28.1,25.9
Palau,palau,PLW,11,27.1,28.2,26.0
Palau,palau,PLW,12,27.0,28.0,26.0
Palau,palau,PLW,2,26.7,27.6,25.7
Palau,palau,PLW,3,26.9,27.8,25.9
Palau,palau,PLW,4,27.1,28.2,26.1
Palau,palau,PLW,5,27.1,28.2,26.0
Palau,palau,PLW,6,26.9,28.0,25.7
Palau,palau,PLW,7,26.8,27.9,25.6
Palau,palau,PLW,8,26.8,27.9,25.6
Palau,palau,PLW,9,26.9,28.0,25.7
Palawan,philippines,PHL,1,26.9,28.0,26.2
Palawan,philippines,PHL,10,28.0,29.8,26.3
Palawan,philippines,PHL,11,28.3,30.0,27.0
Palawan,philippines,PHL,12,27.6,28.6,26.8
Palawan,philippines,PHL,2,26.7,28.3,26.0
Palawan,philippines,PHL,3,27.2,29.2,26.4
Palawan,philippines,PHL,4,28.3,30.2,27.2
Palawan,philippines,PHL,5,29.0,31.5,27.1
Palawan,philippines,PHL,6,28.2,30.4,26.4
Palawan,philippines,PHL,7,27.8,30.2,26.2
Palawan,philippines,PHL,8,27.8,29.4,26.1
Palawan,philippines,PHL,9,27.6,29.4,26.0
Panama City,panama,PAN,1,27.0,31.9,23.2
Panama City,panama,PAN,10,26.5,29.8,24.1
Panama City,panama,PAN,11,26.4,29.9,24.0
Panama City,panama,PAN,12,26.9,31.4,23.6
Panama City,panama,PAN,2,27.4,32.6,23.4
Panama City,panama,PAN,3,27.7,32.8,23.7
Panama City,panama,PAN,4,27.9,32.6,24.4
Panama City,panama,PAN,5,27.4,31.3,24.7
Panama City,panama,PAN,6,27.1,30.3,24.7
Panama City,panama,PAN,7,27.0,30.9,24.5
Panama City,panama,PAN,8,26.9,30.5,24.2
Panama City,panama,PAN,9,26.7,30.2,24.2
Paramaribo,suriname,SUR,1,26.1,30.2,23.1
Paramaribo,suriname,SUR,10,28.1,33.7,24.4
Paramaribo,suriname,SUR,11,27.3,32.5,23.8
Paramaribo,suriname,SUR,12,26.5,30.7,23.3
Paramaribo,suriname,SUR,2,26.4,30.4,23.3
Paramaribo,suriname,SUR,3,26.8,31.0,23.6
Paramaribo,suriname,SUR,4,26.7,30.8,23.7
Paramaribo,suriname,SUR,5,26.5,30.7,23.7
Paramaribo,suriname,SUR,6,26.5,31.6,23.2
Paramaribo,suriname,SUR,7,26.8,32.3,23.2
Paramaribo,suriname,SUR,8,27.1,32.7,23.5
Paramaribo,suriname,SUR,9,28.1,33.8,24.1
Paris,france,FRA,1,5.5,7.9,2.9
Paris,france,FRA,10,13.6,17.4,10.4
Paris,france,FRA,11,8.9,11.7,6.2
Paris,france,FRA,12,7.0,9.2,4.6
Paris,france,FRA,2,6.8,10.0,3.8
Paris,france,FRA,3,9.0,13.4,5.4
Paris,france,FRA,4,12.3,17.4,7.7
Paris,france,FRA,5,15.7,20.7,11.0
Paris,france,FRA,6,19.9,25.2,15.2
Paris,france,FRA,7,21.6,27.1,16.6
Paris,france,FRA,8,21.3,26.8,16.5
Paris,france,FRA,9,17.6,22.5,13.2
Port Vila,vanuatu,VUT,1,26.6,31.2,22.6
Port Vila,vanuatu,VUT,10,24.4,29.1,20.8
Port Vila,vanuatu,VUT,11,25.2,29.8,21.2
Port Vila,vanuatu,VUT,12,26.3,31.2,22.4
Port Vila,vanuatu,VUT,2,27.2,31.1,23.5
Port Vila,vanuatu,VUT,3,26.6,30.7,22.7
Port Vila,vanuatu,VUT,4,25.9,30.3,22.1
Port Vila,vanuatu,VUT,5,24.1,28.6,20.0
Port Vila,vanuatu,VUT,6,23.1,27.7,19.6
Port Vila,vanuatu,VUT,7,22.8,27.1,19.1
Port Vila,vanuatu,VUT,8,22.6,27.1,19.1
Port Vila,vanuatu,VUT,9,23.2,27.9,19.3
Porto,portugal,PRT,1,10.2,14.6,6.7
Porto,portugal,PRT,10,16.8,21.0,13.6
Porto,portugal,PRT,11,13.2,16.6,10.5
Porto,portugal,PRT,12,11.4,15.4,8.6
Porto,portugal,PRT,2,11.4,15.5,8.1
Porto,portugal,PRT,3,12.7,17.9,8.8
Porto,portugal,PRT,4,14.1,18.1,10.6
Porto,portugal,PRT,5,16.4,20.5,12.8
Porto,portugal,PRT,6,17.9,21.8,14.5
Porto,portugal,PRT,7,20.1,24.7,16.1
Porto,portugal,PRT,8,20.0,24.7,15.9
Porto,portugal,PRT,9,18.7,23.5,15.0
Punta del Este,uruguay,URY,1,23.1,28.3,18.4
Punta del Este,uruguay,URY,10,15.9,21.0,11.3
Punta del Este,uruguay,URY,11,19.2,24.6,14.3
Punta del Este,uruguay,URY,12,20.8,25.8,16.2
Punta del Este,uruguay,URY,2,23.0,27.9,18.5
Punta del Este,uruguay,URY,3,21.2,25.8,17.2
Punta del Este,uruguay,URY,4,17.8,22.5,13.5
Punta del Este,uruguay,URY,5,13.7,17.9,9.6
Punta del Este,uruguay,URY,6,11.8,15.8,8.0
Punta del Este,uruguay,URY,7,10.8,15.5,6.7
Punta del Este,uruguay,URY,8,11.7,16.6,7.6
Punta del Este,uruguay,URY,9,13.8,18.5,9.6
Quebec City,canada,CAN,1,-9.4,-5.7,-13.5
Quebec City,canada,CAN,10,8.5,12.6,4.0
Quebec City,canada,CAN,11,1.3,4.1,-2.6
Quebec City,canada,CAN,12,-5.1,-2.2,-8.7
Quebec City,canada,CAN,2,-9.1,-4.4,-13.9
Quebec City,canada,CAN,3,-3.5,1.0,-7.7
Quebec City,canada,CAN,4,3.9,7.8,-0.7
Quebec City,canada,CAN,5,12.6,18.0,6.9
Quebec City,canada,CAN,6,17.4,22.3,11.9
Quebec City,canada,CAN,7,20.7,25.7,15.1
Quebec City,canada,CAN,8,19.8,24.4,14.4
Quebec City,canada,CAN,9,15.8,20.2,10.1
Québec City,canada,CAN,1,-9.4,-5.7,-13.5
Québec City,canada,CAN,10,8.5,12.6,4.0
Québec City,canada,CAN,11,1.3,4.1,-2.6
Québec City,canada,CAN,12,-5.1,-2.2,-8.7
Québec City,canada,CAN,2,-9.3,-4.4,-14.2
Québec City,canada,CAN,3,-3.5,1.0,-7.7
Québec City,canada,CAN,4,3.9,7.8,-0.7
Québec City,canada,CAN,5,12.6,18.0,6.9
Québec City,canada,CAN,6,17.4,22.3,11.9
Québec City,canada,CAN,7,20.7,25.7,15.1
Québec City,canada,CAN,8,19.8,24.4,14.4
Québec City,canada,CAN,9,15.8,20.2,10.1
Rennes,france,FRA,1,6.1,9.4,3.1
Rennes,france,FRA,10,13.2,17.9,9.4
Rennes,france,FRA,11,9.2,13.1,6.1
Rennes,france,FRA,12,7.6,10.6,4.7
Rennes,france,FRA,2,7.0,11.0,3.6
Rennes,france,FRA,3,8.8,13.6,4.7
Rennes,france,FRA,4,11.1,16.9,5.7
Rennes,france,FRA,5,14.3,20.0,9.1
Rennes,france,FRA,6,17.7,23.4,12.5
Rennes,france,FRA,7,19.5,25.6,13.9
Rennes,france,FRA,8,19.0,25.3,13.7
Rennes,france,FRA,9,16.6,22.5,11.9
Salalah,oman,OMN,1,23.9,27.9,20.2
Salalah,oman,OMN,10,27.5,30.9,24.2
Salalah,oman,OMN,11,27.1,31.1,23.5
Salalah,oman,OMN,12,25.3,29.4,21.6
Salalah,oman,OMN,2,24.4,28.3,20.9
Salalah,oman,OMN,3,26.7,30.5,23.0
Salalah,oman,OMN,4,28.8,32.0,25.8
Salalah,oman,OMN,5,30.2,33.2,28.0
Salalah,oman,OMN,6,29.8,32.2,28.1
Salalah,oman,OMN,7,26.6,28.4,25.4
Salalah,oman,OMN,8,25.7,27.5,24.5
Salalah,oman,OMN,9,27.3,30.0,25.4
San José,costa rica,CRI,1,22.1,27.8,18.0
San José,costa rica,CRI,10,21.6,27.2,18.0
San José,costa rica,CRI,11,21.7,27.0,18.2
San José,costa rica,CRI,12,22.2,27.8,18.2
San José,costa rica,CRI,2,22.1,28.0,17.8
San José,costa rica,CRI,3,22.8,29.2,18.1
San José,costa rica,CRI,4,23.1,29.5,18.4
San José,costa rica,CRI,5,22.8,28.5,18.8
San José,costa rica,CRI,6,22.3,27.9,18.7
San José,costa rica,CRI,7,22.4,27.9,18.7
San José,costa rica,CRI,8,22.4,28.1,18.5
San José,costa rica,CRI,9,22.0,28.0,18.1
Sapa,vietnam,VNM,1,9.4,12.5,6.2
Sapa,vietnam,VNM,10,16.2,19.0,13.5
Sapa,vietnam,VNM,11,13.0,15.9,10.1
Sapa,vietnam,VNM,12,10.2,13.4,6.9
Sapa,vietnam,VNM,2,10.8,14.1,7.5
Sapa,vietnam,VNM,3,14.4,18.1,10.7
Sapa,vietnam,VNM,4,17.5,21.2,13.8
Sapa,vietnam,VNM,5,19.4,22.4,16.3
Sapa,vietnam,VNM,6,20.2,22.8,17.6
Sapa,vietnam,VNM,7,20.4,23.0,17.7
Sapa,vietnam,VNM,8,20.2,23.1,17.4
Sapa,vietnam,VNM,9,18.8,21.6,15.9
Seychelles,seychelles,SYC,1,27.5,30.2,25.2
Seychelles,seychelles,SYC,10,27.7,30.4,25.5
Seychelles,seychelles,SYC,11,27.7,30.9,25.2
Seychelles,seychelles,SYC,12,27.6,30.6,25.3
Seychelles,seychelles,SYC,2,28.1,30.9,25.8
Seychelles,seychelles,SYC,3,28.7,31.8,26.2
Seychelles,seychelles,SYC,4,28.7,31.8,26.1
Seychelles,seychelles,SYC,5,28.5,31.2,26.2
Seychelles,seychelles,SYC,6,27.5,29.8,25.6
Seychelles,seychelles,SYC,7,26.4,28.6,24.7
Seychelles,seychelles,SYC,8,26.4,28.7,24.7
Seychelles,seychelles,SYC,9,27.0,29.6,25.1
Sintra,portugal,PRT,1,11.0,14.7,7.3
Sintra,portugal,PRT,10,18.0,22.6,14.1
Sintra,portugal,PRT,11,14.2,17.9,10.8
Sintra,portugal,PRT,12,12.4,15.8,9.0
Sintra,portugal,PRT,2,11.9,15.9,8.2
Sintra,portugal,PRT,3,13.4,17.4,9.5
Sintra,portugal,PRT,4,14.8,18.8,11.0
Sintra,portugal,PRT,5,17.2,21.6,13.5
Sintra,portugal,PRT,6,18.6,22.9,15.3
Sintra,portugal,PRT,7,20.6,25.6,16.8
Sintra,portugal,PRT,8,20.9,26.2,16.9
Sintra,portugal,PRT,9,20.0,25.3,15.8
Strasbourg,france,FRA,1,3.2,6.4,0.4
Strasbourg,france,FRA,10,12.0,17.4,7.7
Strasbourg,france,FRA,11,6.8,10.2,3.8
Strasbourg,france,FRA,12,4.4,7.4,1.9
Strasbourg,france,FRA,2,4.9,9.2,1.2
Strasbourg,france,FRA,3,7.7,13.3,2.9
Strasbourg,france,FRA,4,11.2,17.4,5.6
Strasbourg,france,FRA,5,15.6,21.4,10.1
Strasbourg,france,FRA,6,20.1,26.2,14.4
Strasbourg,france,FRA,7,21.5,28.1,15.3
Strasbourg,france,FRA,8,21.1,27.8,15.3
Strasbourg,france,FRA,9,16.7,23.3,11.4
Tanna Island,vanuatu,VUT,1,27.5,31.2,22.7
Tanna Island,vanuatu,VUT,10,25.0,28.2,20.5
Tanna Island,vanuatu,VUT,11,26.2,29.3,20.8
Tanna Island,vanuatu,VUT,12,27.3,31.4,22.4
Tanna Island,vanuatu,VUT,2,28.0,31.4,23.8
Tanna Island,vanuatu,VUT,3,27.3,30.6,22.8
Tanna Island,vanuatu,VUT,4,26.6,30.2,22.6
Tanna Island,vanuatu,VUT,5,24.8,28.4,20.4
Tanna Island,vanuatu,VUT,6,23.9,27.3,19.4
Tanna Island,vanuatu,VUT,7,23.6,27.0,18.8
Tanna Island,vanuatu,VUT,8,23.0,26.7,18.3
Tanna Island,vanuatu,VUT,9,23.8,27.3,18.6
Toronto,canada,CAN,1,-2.9,0.3,-6.1
Toronto,canada,CAN,10,11.8,15.4,8.2
Toronto,canada,CAN,11,5.4,8.2,2.2
Toronto,canada,CAN,12,0.8,3.6,-1.9
Toronto,canada,CAN,2,-2.5,1.1,-6.2
Toronto,canada,CAN,3,2.2,5.8,-1.5
Toronto,canada,CAN,4,7.5,11.4,3.6
Toronto,canada,CAN,5,14.8,19.5,10.2
Toronto,canada,CAN,6,19.2,24.1,15.0
Toronto,canada,CAN,7,22.9,27.4,18.4
Toronto,canada,CAN,8,22.0,26.3,17.9
Toronto,canada,CAN,9,18.9,23.0,14.7
Toulouse,france,FRA,1,6.2,9.9,3.0
Toulouse,france,FRA,10,15.7,21.0,11.5
Toulouse,france,FRA,11,10.4,14.6,6.9
Toulouse,france,FRA,12,7.9,12.0,4.6
Toulouse,france,FRA,2,8.2,12.8,4.3
Toulouse,france,FRA,3,10.4,15.4,6.3
Toulouse,france,FRA,4,13.1,18.5,8.4
Toulouse,france,FRA,5,16.5,22.0,11.8
Toulouse,france,FRA,6,21.1,26.9,16.1
Toulouse,france,FRA,7,23.5,29.6,18.0
Toulouse,france,FRA,8,23.5,29.9,17.8
Toulouse,france,FRA,9,19.8,25.9,14.8
Trinidad,cuba,CUB,1,24.4,27.3,21.8
Trinidad,cuba,CUB,10,28.0,30.7,25.9
Trinidad,cuba,CUB,11,26.5,29.1,24.3
Trinidad,cuba,CUB,12,25.2,27.7,22.9
Trinidad,cuba,CUB,2,25.0,28.2,22.2
Trinidad,cuba,CUB,3,26.0,29.0,23.5
Trinidad,cuba,CUB,4,27.0,30.3,24.5
Trinidad,cuba,CUB,5,27.9,30.9,25.6
Trinidad,cuba,CUB,6,28.6,31.8,26.0
Trinidad,cuba,CUB,7,29.3,32.8,26.5
Trinidad,cuba,CUB,8,28.9,32.6,26.1
Trinidad,cuba,CUB,9,28.6,31.9,26.2
Vancouver,canada,CAN,1,5.4,7.5,3.2
Vancouver,canada,CAN,10,11.2,14.0,8.5
Vancouver,canada,CAN,11,7.5,9.8,5.0
Vancouver,canada,CAN,12,4.8,7.0,3.1
Vancouver,canada,CAN,2,5.2,7.6,2.7
Vancouver,canada,CAN,3,7.7,10.8,4.7
Vancouver,canada,CAN,4,10.0,13.6,6.6
Vancouver,canada,CAN,5,14.3,18.3,10.4
Vancouver,canada,CAN,6,16.9,21.0,12.9
Vancouver,canada,CAN,7,19.8,24.2,15.4
Vancouver,canada,CAN,8,19.4,23.7,15.2
Vancouver,canada,CAN,9,15.9,19.4,12.3
Vancouver Island,canada,CAN,1,3.5,4.6,2.5
Vancouver Island,canada,CAN,10,10.0,14.0,6.0
Vancouver Island,canada,CAN,11,6.0,9.0,3.0
Vancouver Island,canada,CAN,12,4.0,6.0,2.0
Vancouver Island,canada,CAN,2,4.0,6.0,2.0
Vancouver Island,canada,CAN,3,6.0,9.0,3.0
Vancouver Island,canada,CAN,4,9.0,12.0,5.0
Vancouver Island,canada,CAN,5,12.5,16.0,9.0
Vancouver Island,canada,CAN,6,15.0,19.0,11.0
Vancouver Island,canada,CAN,7,17.5,22.0,13.0
Vancouver Island,canada,CAN,8,17.0,21.0,13.0
Vancouver Island,canada,CAN,9,14.0,18.0,10.0
Victoria,seychelles,SYC,1,27.5,30.2,25.2
Victoria,seychelles,SYC,10,27.7,30.4,25.5
Victoria,seychelles,SYC,11,27.7,30.9,25.2
Victoria,seychelles,SYC,12,27.6,30.6,25.3
Victoria,seychelles,SYC,2,28.1,30.9,25.8
Victoria,seychelles,SYC,3,28.7,31.8,26.2
Victoria,seychelles,SYC,4,28.7,31.8,26.1
Victoria,seychelles,SYC,5,28.5,31.2,26.2
Victoria,seychelles,SYC,6,27.5,29.8,25.6
Victoria,seychelles,SYC,7,26.4,28.6,24.7
Victoria,seychelles,SYC,8,26.4,28.7,24.7
Victoria,seychelles,SYC,9,27.0,29.6,25.1
Vilamoura,portugal,PRT,1,12.8,16.6,9.2
Vilamoura,portugal,PRT,10,20.0,23.4,17.0
Vilamoura,portugal,PRT,11,16.2,19.7,12.9
Vilamoura,portugal,PRT,12,14.2,17.7,11.1
Vilamoura,portugal,PRT,2,13.7,17.4,10.4
Vilamoura,portugal,PRT,3,14.6,18.3,11.2
Vilamoura,portugal,PRT,4,16.8,20.5,13.4
Vilamoura,portugal,PRT,5,19.8,24.1,16.0
Vilamoura,portugal,PRT,6,22.0,26.2,18.4
Vilamoura,portugal,PRT,7,24.4,29.0,20.5
Vilamoura,portugal,PRT,8,24.7,29.3,20.8
Vilamoura,portugal,PRT,9,22.4,26.1,19.0
Whistler,canada,CAN,1,-2.5,0.4,-5.5
Whistler,canada,CAN,10,7.6,11.6,4.4
Whistler,canada,CAN,11,1.8,5.1,-1.6
Whistler,canada,CAN,12,-1.8,0.9,-2.5
Whistler,canada,CAN,2,-1.8,0.8,-7.2
Whistler,canada,CAN,3,0.2,3.5,-5.0
Whistler,canada,CAN,4,4.6,9.1,-0.6
Whistler,canada,CAN,5,9.0,14.4,3.4
Whistler,canada,CAN,6,14.1,18.8,9.1
Whistler,canada,CAN,7,18.2,23.2,13.0
Whistler,canada,CAN,8,17.8,23.3,12.8
Whistler,canada,CAN,9,14.5,19.3,9.9
